{"cameraMode":{"drawMode":0,"name":"Shaded","section":"Shading Mode"},"sceneLighting":false,"audioPlay":false,"sceneViewState":{"showFog":true,"showMaterialUpdate":false,"showSkybox":false,"showFlares":true,"showImageEffects":true,"showParticleSystems":true},"in2DMode":false,"pivot":{"x":0.13999998569488526,"y":2.0,"z":-1.9000000953674317},"rotation":{"x":0.08404279500246048,"y":-0.132625550031662,"z":0.011284022592008114,"w":0.9875370860099793},"size":1.2247449159622193,"orthographic":true}