{"cameraMode":{"drawMode":0,"name":"Shaded","section":"Shading Mode"},"sceneLighting":false,"audioPlay":false,"sceneViewState":{"showFog":true,"showMaterialUpdate":false,"showSkybox":false,"showFlares":true,"showImageEffects":true,"showParticleSystems":true},"in2DMode":false,"pivot":{"x":0.14000000059604646,"y":2.450000047683716,"z":-1.899999976158142},"rotation":{"x":0.6823844313621521,"y":0.02345164865255356,"z":-0.0219133161008358,"w":0.7302899956703186},"size":4.78765344619751,"orthographic":true}